{"cameraMode":{"drawMode":0,"name":"Shaded","section":"Shading Mode"},"sceneLighting":true,"audioPlay":false,"sceneViewState":{"showFog":true,"showMaterialUpdate":false,"showSkybox":true,"showFlares":true,"showImageEffects":true,"showParticleSystems":true,"showVisualEffectGraphs":true,"m_FxEnabled":true},"in2DMode":false,"pivot":{"x":-0.47887566685676577,"y":2.440810441970825,"z":-2.2458810806274416},"rotation":{"x":-0.23223434388637544,"y":0.29547959566116335,"z":-0.07428798079490662,"w":-0.9237104058265686},"size":10.145886421203614,"orthographic":false}