{"cameraMode":{"drawMode":0,"name":"Shaded","section":"Shading Mode"},"sceneLighting":true,"audioPlay":false,"sceneViewState":{"showFog":true,"showMaterialUpdate":false,"showSkybox":true,"showFlares":true,"showImageEffects":true,"showParticleSystems":true,"showVisualEffectGraphs":true,"m_FxEnabled":true},"in2DMode":false,"pivot":{"x":0.32547545433044436,"y":-16.12331199645996,"z":31.250141143798829},"rotation":{"x":-0.23944057524204255,"y":0.013691508211195469,"z":-0.003365245880559087,"w":-0.9708250761032105},"size":28.549114227294923,"orthographic":false}